building_a,building_b,original_edge_gap_m,new_edge_gap_m,gap_ratio
building_001,building_002,9.3099877889,37.4644269279,4.0241112854
building_002,building_059,22.8698250715,74.8983528769,3.2749858227
building_004,building_131,4.5766758844,33.0165279227,7.214084798
building_004,building_157,29.0268696626,96.047822002,3.3089280077
building_004,building_180,33.7906175151,106.6415031377,3.1559501122
building_005,building_007,28.0992148881,106.8112304088,3.8012176082
building_005,building_221,27.0985208037,88.3004615629,3.2584974731
building_005,building_267,27.9012238298,93.8469191334,3.3635413165
building_007,building_089,18.4832144469,90.334996192,4.8874072446
building_007,building_221,4.7340803446,31.6565659639,6.686951564
building_007,building_224,5.444116418,32.6693452128,6.0008535278
building_007,building_255,24.6169017369,81.6087837484,3.3151525168
building_007,building_267,25.327001743,82.5108665574,3.2578221218
building_009,building_084,33.0915133267,112.5353674523,3.4007319744
building_009,building_129,21.3044395096,82.326269707,3.8642776624
building_009,building_178,21.8625692646,94.346155007,4.3154193757
building_009,building_259,1.9794639625,34.2994605479,17.3276509183
building_010,building_065,15.0329042919,67.895598687,4.5164658384
building_010,building_067,26.1680089055,98.9328488786,3.7806792728
building_010,building_145,26.2060577167,99.8877640405,3.8116287891
building_010,building_156,15.6221862206,62.1176539877,3.9762459051
building_010,building_187,33.6992874882,122.7336129705,3.6420239749
building_010,building_210,15.278940334,71.770232623,4.6973305121
building_010,building_219,2.1393761319,35.5173658744,16.6017397991
building_010,building_254,29.036361815,104.8546903982,3.6111511169
building_010,building_273,21.8696407602,79.7416031286,3.646223731
building_011,building_014,16.7402514276,66.3225445389,3.9618607179
building_011,building_019,11.4980616203,42.9859323984,3.7385373133
building_011,building_050,8.0269482163,39.6861065939,4.9441089595
building_011,building_053,17.9665925965,63.9640198721,3.5601642064
building_011,building_114,0.9011128352,16.6930326672,18.5249083307
building_011,building_133,7.78521336,45.1869703577,5.8042044923
building_011,building_150,28.3698813535,89.7717228821,3.1643319816
building_011,building_227,21.6411347342,68.6585186261,3.1725932798
building_012,building_020,1.6568437594,18.1440369506,10.9509643549
building_012,building_049,34.5078454619,115.009738585,3.3328577037
building_012,building_050,31.5722104161,99.3105241123,3.1455043155
building_012,building_051,6.7228892896,43.6103555908,6.486847204
building_012,building_053,22.5416515999,78.9236070636,3.5012344466
building_012,building_076,14.3623560581,61.9745648465,4.3150695189
building_012,building_142,19.6287297424,75.3356818671,3.8380314394
building_012,building_143,12.3609000488,55.4149488649,4.4830836465
building_012,building_146,34.9627354839,110.4787738456,3.1599007434
building_012,building_148,6.3195328162,40.2362231,6.3669616521
building_012,building_150,12.8870507864,58.3322563867,4.5264240324
building_012,building_155,27.4572501161,91.3505114294,3.3270087515
building_012,building_161,30.6654944718,107.5372918869,3.5067848649
building_012,building_176,29.0446029171,96.8496293129,3.3345138024
building_012,building_179,12.618657908,57.2582340326,4.5375850942
building_012,building_188,31.2444394702,95.82857144,3.0670600294
building_012,building_191,7.8388773444,46.3213803203,5.9091854975
building_014,building_019,33.1473743841,107.2432540249,3.2353468719
building_014,building_047,11.3626636238,42.320791696,3.7245484947
building_014,building_050,11.6071780606,53.9813645746,4.6506880736
building_014,building_051,18.5891927727,72.6358685308,3.9074245675
building_014,building_053,10.7908120144,50.5896023606,4.6882108865
building_014,building_114,24.4922609624,85.7905153746,3.5027601374
building_014,building_133,0.9435577109,16.9548422595,17.9690569679
building_014,building_146,21.1516802345,67.1045050817,3.1725378002
building_014,building_148,27.3476092443,92.6598246343,3.3882239506
building_014,building_150,12.133940894,56.9107061902,4.6902079619
building_015,building_057,0.3887769632,13.4917590132,34.7030824637
building_015,building_084,11.5867058153,57.8588739701,4.9935568308
building_015,building_104,23.2640404153,80.650478366,3.466744251
building_015,building_137,33.6571299555,107.3604746211,3.1898285672
building_015,building_174,19.3246814132,75.1475931942,3.888684713
building_015,building_178,31.8946662034,100.9653445617,3.165587121
building_015,building_274,10.8249482535,54.9654613871,5.0776650475
building_018,building_060,20.2534868238,77.9324221214,3.8478521155
building_018,building_180,28.4651765278,100.3439168992,3.5251464821
building_018,building_253,8.1462100186,50.5768733668,6.2086385266
building_019,building_050,10.5870790769,49.789893136,4.702892344
building_019,building_053,20.3929841007,73.6722617072,3.6126278206
building_019,building_073,22.7665238102,77.460584938,3.4023896482
building_019,building_114,1.6306604286,18.2306673179,11.1799286955
building_019,building_133,27.7839237906,92.2682617821,3.3209226486
building_019,building_141,22.9983320884,83.0210844594,3.6098741483
building_019,building_150,30.7153316485,98.5744441973,3.2092912206
building_019,building_176,28.3152654879,97.4082646271,3.440132485
building_019,building_227,1.5345296463,17.9260517301,11.6817891221
building_020,building_049,34.2303001315,114.3368424257,3.3402231937
building_020,building_051,13.0490904377,58.3472247192,4.4713633489
building_020,building_053,32.5097473463,101.854556305,3.1330466897
building_020,building_076,19.3196342491,75.6518303875,3.9158003413
building_020,building_130,27.5004243458,100.563518699,3.6567987982
building_020,building_142,27.6535308827,94.1813297085,3.4057614598
building_020,building_143,13.2256463298,60.6314845329,4.5843872595
building_020,building_147,34.4754480587,113.1155242871,3.2810458067
building_020,building_148,6.0177288556,43.0360008142,7.1515353793
building_020,building_150,22.3186473358,78.6999490138,3.5261970777
building_020,building_155,17.0424643578,65.4520010189,3.8405244479
building_020,building_161,21.3639829845,86.6499075978,4.0558873156
building_020,building_179,12.3609027516,55.6081447438,4.4987122592
building_020,building_188,20.8296576598,69.8604325748,3.3538924987
building_020,building_191,6.6559737098,41.5798248354,6.2469935502
building_022,building_062,3.0770956031,34.285874403,11.1422844219
building_022,building_228,24.1434757199,89.8051586692,3.7196449969
building_026,building_165,26.8620629733,99.7129984179,3.7120379964
building_026,building_169,29.3509001241,104.3430586958,3.5550207406
building_026,building_190,25.4927737545,99.5453508125,3.9048458112
building_026,building_193,3.2588215703,34.757878547,10.6657814175
building_026,building_194,15.6517602323,67.5758464202,4.3174598523
building_026,building_197,28.9751946211,107.7608169245,3.7190713758
building_026,building_233,15.1317789425,59.1169198626,3.9068056761
building_026,building_251,26.8600624365,103.6608252845,3.8592920448
building_027,building_028,28.7873554543,103.1688917598,3.5838266535
building_027,building_129,1.656900003,29.8661940418,18.0253449138
building_027,building_178,16.1586927296,72.3440735673,4.4770994026
building_027,building_244,2.1303000081,32.6945440982,15.3473895575
building_027,building_259,21.0663000342,77.9394845434,3.6997234643
building_028,building_128,29.1915622667,107.9777114519,3.6989356878
building_028,building_129,28.7677707308,102.0503451829,3.5473845415
building_028,building_204,24.1443282845,83.937062319,3.4764712163
building_028,building_243,17.1770817163,73.4098401294,4.2737084996
building_028,building_244,31.887131368,119.7326076428,3.7548880224
building_028,building_249,31.9542911273,112.427168471,3.5183746691
building_028,building_258,13.449517041,60.0322098992,4.4635216057
building_028,building_259,34.9670032272,118.8660224923,3.3993768845
building_031,building_033,15.9074673914,72.3308769776,4.5469762846
building_031,building_078,14.9121545894,58.3092964537,3.9101858892
building_031,building_083,29.6434106354,112.1295071708,3.7826115406
building_031,building_095,28.1206079155,104.3143351859,3.7095334318
building_031,building_119,27.4572688327,97.4406635637,3.5488112149
building_031,building_124,1.6673780022,28.6120398097,17.1599000175
building_031,building_195,22.3467727536,83.5387966786,3.7382935603
building_031,building_266,3.0950587047,39.5610547512,12.7820046485
building_032,building_042,29.7409059297,102.0958263792,3.4328418448
building_032,building_049,33.8037686544,119.8432751073,3.5452637347
building_032,building_113,26.6236815721,95.7041008015,3.5946982217
building_032,building_209,20.3714542962,78.3505560897,3.846095372
building_033,building_078,3.3280184343,41.2423018031,12.3924499269
building_033,building_095,0.9508753673,27.3579084305,28.7712873551
building_033,building_097,29.3981005866,107.307970007,3.6501667749
building_033,building_118,29.1142000908,103.3475148778,3.5497288112
building_033,building_124,27.3260997087,103.693481708,3.7946682041
building_033,building_181,21.3945206637,79.4951393784,3.7156775152
building_033,building_195,10.8908139824,59.4817254,5.4616418475
building_033,building_236,25.284586456,99.394053693,3.9310136184
building_033,building_266,11.7250320183,55.0948753122,4.6989104359
building_034,building_048,20.2037326947,81.6385484429,4.0407656187
building_034,building_099,20.3562488957,79.6263082539,3.9116395492
building_034,building_125,2.1302529472,32.7205632724,15.3599427314
building_034,building_132,1.4130225505,30.5225275753,21.6008778942
building_034,building_135,28.2125533201,102.1722453086,3.6215171363
building_034,building_159,24.121743634,96.8436389572,4.0147860133
building_034,building_234,28.0502774905,95.7864701369,3.4148136384
building_034,building_247,23.1966512858,88.3876416901,3.8103621338
building_034,building_265,6.8936708575,50.6982612759,7.3543199732
building_036,building_038,27.3373594277,100.11876315,3.6623421298
building_036,building_045,14.9875084275,59.7005653998,3.9833549178
building_036,building_046,32.3087120512,118.9463725369,3.6815572329
building_036,building_102,28.1674314904,101.0814284528,3.5885923247
building_036,building_109,31.046283814,110.4736280951,3.5583527084
building_036,building_127,3.7833893754,37.944094277,10.02912746
building_036,building_135,27.2835967893,102.4583996322,3.7553113112
building_036,building_268,23.4333889376,83.7314791115,3.5731698618
building_038,building_069,27.9389399815,104.4041691908,3.7368693751
building_038,building_109,3.7871855133,38.2363109068,10.0962339375
building_038,building_127,30.1667774064,109.7036776868,3.6365726511
building_038,building_208,15.1043580764,69.559558443,4.6052641291
building_038,building_244,31.4704049272,116.9378593421,3.71580409
building_038,building_268,34.6199717897,126.6614201167,3.6586228575
building_038,building_269,13.0743421276,56.36541149,4.3111470497
building_040,building_069,29.7499821849,106.8526119837,3.5916865872
building_040,building_136,15.0673670593,70.1536835928,4.6560014976
building_040,building_170,30.2816403217,107.8782013097,3.5624952996
building_040,building_171,28.7864492006,101.0760193739,3.5112360913
building_040,building_198,30.764262578,109.4078101777,3.5563280576
building_040,building_215,28.0042380766,104.6469287303,3.7368247065
building_040,building_229,14.5005454714,64.3105598157,4.4350441811
building_040,building_257,24.1435054324,90.1270659529,3.732973499
building_040,building_263,21.539811792,82.4054620803,3.8257280461
building_042,building_049,1.1835000042,27.054982092,22.8601453278
building_042,building_076,26.2752483454,93.4789434091,3.5576806803
building_042,building_113,2.8404220652,34.053456959,11.9888721383
building_042,building_143,17.4687035881,72.7084652716,4.162213006
building_042,building_161,9.7729773611,57.3942687749,5.8727516349
building_042,building_179,12.3521264003,57.6809528174,4.6697184718
building_042,building_188,29.3121308855,105.5318042294,3.6002774633
building_042,building_218,22.5342677025,90.6938510694,4.0247081586
building_043,building_054,11.6511057952,55.7022646591,4.7808564816
building_043,building_056,33.4229134249,106.0164575972,3.1719693687
building_043,building_091,28.8374667029,109.743979339,3.8056040244
building_043,building_207,15.8110713732,72.15915687,4.5638372737
building_043,building_241,24.958679835,93.8064199632,3.7584688206
building_045,building_046,27.6939833935,101.3463101481,3.6595064245
building_045,building_099,28.4853869077,107.5226162814,3.7746587972
building_045,building_102,31.901229115,117.8493775978,3.6941955174
building_045,building_127,15.9333024766,71.5888351296,4.4930318266
building_045,building_135,21.3030000528,80.4799845126,3.7778709249
building_045,building_268,31.1300931276,107.4951360558,3.453093944
building_046,building_102,16.1647338034,62.7433985019,3.8814990253
building_046,building_104,16.2681911302,69.0648743246,4.2453935887
building_046,building_124,30.3816316734,113.8434328888,3.747113852
building_046,building_137,2.1302837868,33.783303223,15.8585928471
building_046,building_174,21.5397000455,81.0153412186,3.761210279
building_047,building_050,22.5211714935,81.5672361055,3.6218025394
building_047,building_051,12.0516461573,54.6488986532,4.5345588428
building_047,building_053,14.2935159258,63.1509643788,4.4181546868
building_047,building_133,21.1125426609,67.1994672732,3.1829168259
building_047,building_146,0.9363991471,16.8188552445,17.9612030798
building_047,building_147,23.9080046478,75.3707527855,3.1525321287
building_047,building_148,13.9047503771,61.4859107012,4.4219356
building_047,building_150,11.1723421589,53.5263198938,4.7909667581
building_047,building_191,19.3692852661,74.4393084575,3.8431623798
building_048,building_125,19.9680507601,78.8604971159,3.9493337664
building_048,building_126,5.9428892102,45.0186445608,7.5752118151
building_048,building_132,29.0401901323,103.4538284611,3.5624363336
building_048,building_145,31.1438651752,113.6205596914,3.648248509
building_048,building_159,18.0033837622,86.2037432997,4.7881967323
building_048,building_166,33.3782459186,111.0415301201,3.3267634971
building_048,building_214,16.6052092534,74.0247580248,4.4579238295
building_048,building_247,28.8530874624,102.309886562,3.5458904249
building_048,building_265,3.4982861132,41.9980810884,12.005330533
building_048,building_273,26.3862362012,95.6753012449,3.6259548545
building_049,building_076,12.0987713893,60.1268893641,4.9696690209
building_049,building_113,21.0663000686,76.4177427759,3.6274876237
building_049,building_142,18.0698280072,77.3522385676,4.2807401674
building_049,building_143,7.7036343553,48.1748328633,6.2535201752
building_049,building_161,21.5534429593,85.7661587889,3.9792324108
building_049,building_176,27.7784574953,100.3254263438,3.6116269725
building_049,building_179,6.4181451889,44.8289720089,6.9847238867
building_049,building_188,32.7217515402,121.1277733018,3.7017509027
building_049,building_211,20.3449190797,86.3548704143,4.2445423388
building_049,building_218,4.0773744643,47.6495808531,11.6863391554
building_050,building_051,21.2735902978,67.3991200444,3.1682061702
building_050,building_053,0.923033462,16.6135346408,17.9988432981
building_050,building_073,34.2127702909,112.1603423649,3.2783180494
building_050,building_114,9.0159475144,42.1299178633,4.6728219963
building_050,building_133,10.2768358554,50.1565986283,4.8805487734
building_050,building_141,32.9246670466,106.6598430586,3.2395116679
building_050,building_142,34.1304904732,112.0720597333,3.2836346088
building_050,building_146,31.4838460376,101.9829153786,3.2392140165
building_050,building_148,31.4504628986,93.157700502,2.9620454491
building_050,building_150,11.329676922,42.6222516744,3.7620006261
building_050,building_176,33.279400135,107.7654046476,3.2382015364
building_050,building_227,16.4540314841,67.030355103,4.0737952378
building_051,building_053,11.6005994016,42.9094089632,3.6988958482
building_051,building_076,34.0921412107,109.7222055957,3.2184017108
building_051,building_133,26.5289425877,90.295952396,3.4036770255
building_051,building_142,34.8217124432,112.8024059668,3.2394273013
building_051,building_143,33.8219453913,109.8963252414,3.2492609154
building_051,building_146,13.3307568821,57.3764475717,4.3040652589
building_051,building_147,24.9152971586,88.6672593256,3.5587478151
building_051,building_148,1.408627357,17.8671747974,12.6841032223
building_051,building_150,1.1796794242,16.888942661,14.3165527128
building_051,building_191,11.5748402809,42.5509666822,3.6761601585
building_053,building_114,19.0215681765,66.805789008,3.5121073293
building_053,building_133,11.6514612667,54.6246580017,4.6882237988
building_053,building_141,34.8589793795,113.4891497279,3.2556647311
building_053,building_142,34.4751799666,110.6514708887,3.2095980643
building_053,building_146,22.2383607678,80.6633541709,3.6272167276
building_053,building_148,21.7774853866,68.6680165266,3.1531655426
building_053,building_150,1.6566856773,18.1325403286,10.9450697724
building_053,building_176,34.7056082465,111.0261696376,3.1990843915
building_053,building_191,31.9433803993,93.3515218498,2.9224058532
building_053,building_227,24.8002595884,87.890749714,3.5439447479
building_054,building_056,22.9902713686,90.2979866708,3.927660758
building_054,building_091,32.0795363715,116.781881644,3.6403855808
building_054,building_139,17.4293062166,77.62530937,4.4537234245
building_054,building_189,26.5774540566,92.3561244604,3.474980119
building_054,building_207,12.5867299596,66.9719159799,5.3208352125
building_055,building_217,23.8749406945,94.0593654206,3.9396690708
building_055,building_250,28.051087736,104.2439040383,3.7162161061
building_056,building_059,29.7817051857,106.6193811967,3.5800294352
building_056,building_139,4.0632187348,36.5267365797,8.9896062613
building_057,building_084,3.9601797352,42.7427977757,10.7931459261
building_057,building_104,27.6940231348,99.9303164015,3.6083712329
building_057,building_174,18.8530759819,83.2432662976,4.4153678889
building_057,building_178,28.9979619017,105.9035000354,3.6521014958
building_057,building_274,4.6392187422,48.5856494727,10.4728084992
building_058,building_092,28.6443634583,109.291825812,3.8154740625
building_058,building_198,30.4781415587,105.593153894,3.4645535618
building_058,building_213,11.3363885859,62.8495735553,5.5440560351
building_058,building_220,26.8526066319,98.5356901826,3.6695018675
building_058,building_238,27.4662284362,98.8702324361,3.599701818
building_058,building_250,9.4537801816,57.4785478203,6.0799539143
building_058,building_257,31.2967426946,104.1745235516,3.3286059373
building_060,building_086,5.5960752869,40.7350788445,7.2792228046
building_060,building_220,31.5428237306,117.4467640477,3.7234067898
building_060,building_238,16.4483980509,75.2194912826,4.5730587897
building_060,building_253,30.507140757,109.4243235886,3.5868429775
building_062,building_067,29.1134323809,102.124166196,3.5078023388
building_062,building_216,24.1435349906,89.6179311922,3.7118810989
building_063,building_064,27.317446789,101.7677597505,3.7253759671
building_063,building_105,31.5191876536,111.0126322037,3.5220651441
building_063,building_128,22.6093847319,83.7423438907,3.7038753988
building_063,building_136,22.9599125269,84.7183954073,3.6898396415
building_063,building_204,30.0425920701,108.6014335944,3.6149155619
building_063,building_206,33.0599834434,121.9273393911,3.6880641395
building_063,building_215,1.5550054206,35.1672090975,22.6154897164
building_063,building_252,17.188045329,64.4810351156,3.7515048327
building_063,building_263,17.4321977826,73.7069228655,4.2282059775
building_064,building_105,23.6701000211,85.3240062884,3.6047167613
building_064,building_128,29.6471114067,110.6250368433,3.7313934341
building_064,building_167,20.993204753,84.149109499,4.0083975024
building_064,building_206,1.1834999991,34.3537237373,29.027227515
building_065,building_155,27.0215422804,100.5731923204,3.7219634348
building_065,building_156,2.6148000075,31.2003998235,11.9322318088
building_065,building_188,26.9933843647,98.3023320687,3.6417194206
building_065,building_210,22.1072218204,81.3633956103,3.6803989335
building_065,building_219,26.1593259617,100.5098297233,3.8422178718
building_065,building_228,26.1484058338,97.4141765983,3.7254346295
building_067,building_169,13.7285667237,55.9571511175,4.0759645376
building_067,building_197,12.2319193016,62.3096720092,5.0940224893
building_067,building_216,28.485914926,110.6244209257,3.8834778947
building_067,building_254,21.9341956405,82.0779591488,3.7420090754
building_069,building_074,29.7925871082,104.9612705526,3.5230666666
building_069,building_109,15.5166476744,67.5647595563,4.354339995
building_069,building_110,15.8027471514,69.7038526575,4.4108693248
building_069,building_170,21.0663727615,84.1793226723,3.995909672
building_069,building_171,1.420248485,35.6208155359,25.0806925069
building_069,building_208,1.1969570877,32.5733949775,27.2135027329
building_069,building_263,30.8954550072,107.5876244716,3.4823123481
building_069,building_269,20.5929143198,87.7300167121,4.2602040367
building_070,building_093,30.5984273271,109.4304699068,3.5763429518
building_070,building_100,14.7845285088,64.3929607007,4.3554287621
building_070,building_103,24.5154268861,94.0591410354,3.8367327427
building_070,building_111,12.838603336,54.0857586339,4.212744737
building_070,building_226,3.5866076048,33.9043991122,9.4530550447
building_070,building_245,13.2859907019,68.470626278,5.15359583
building_070,building_247,30.2274534376,115.4194810824,3.8183660202
building_070,building_271,1.2999134429,37.7726062201,29.0577856742
building_072,building_074,27.5569802384,103.6705637148,3.7620436934
building_072,building_106,1.6316066556,33.9023155438,20.7784856887
building_072,building_117,27.8932545717,103.6975683194,3.7176575452
building_072,building_170,24.5832819672,85.9002870777,3.494256267
building_072,building_183,15.5425130332,59.2577665683,3.8126245377
building_072,building_213,29.1258520551,101.5505930153,3.4866136387
building_072,building_256,13.0381309677,65.271294625,5.0061849192
building_072,building_257,29.2999510916,109.0533149016,3.7219623528
building_073,building_076,33.1381204469,97.8388394234,2.9524559059
building_073,building_087,7.1312515422,47.7893048632,6.7013909943
building_073,building_114,33.2270453928,103.4925229914,3.1147073647
building_073,building_141,1.4201692413,18.9058324337,13.3123798802
building_073,building_142,23.1862315005,72.8341766514,3.141268414
building_073,building_175,28.7627962612,96.7649264024,3.3642391902
building_073,building_176,12.0740275356,44.869978002,3.7162394959
building_073,building_211,30.3081039923,114.1168281104,3.7652249095
building_073,building_218,22.4769007038,88.2929018224,3.9281617597
building_073,building_227,11.7851781365,51.630185484,4.3809423062
building_074,building_103,34.4379049421,111.2176770651,3.2295134461
building_074,building_106,16.0127598998,72.314204169,4.5160362499
building_074,building_110,2.5030209793,32.4563412744,12.9668674545
building_074,building_170,11.8856634003,55.0044355084,4.6277968386
building_074,building_171,12.3390040319,63.267603259,5.1274481389
building_074,building_183,22.0183047724,85.7047401103,3.8924313655
building_074,building_212,27.3138540496,95.8451071088,3.509029042
building_074,building_256,1.4201697675,34.7124051349,24.4424335248
building_076,building_087,32.9033235953,110.5398179732,3.3595335028
building_076,building_141,21.7764422724,69.9856554417,3.2138241209
building_076,building_142,0.7101203175,16.6754447866,23.4825625675
building_076,building_143,1.6569193567,18.8747250175,11.3914566458
building_076,building_150,34.230208831,110.6757393626,3.2332767793
building_076,building_176,12.0717000414,44.8756552802,3.717426305
building_076,building_179,12.0665606415,44.8303365761,3.7152539077
building_076,building_211,31.2585368848,108.5247474679,3.4718434797
building_076,building_218,9.7436721996,52.1256360852,5.3496910628
building_078,building_095,22.3453737566,84.8600413061,3.7976559368
building_078,building_124,15.1786396393,64.4678437567,4.247274149
building_078,building_195,24.2179044894,98.7788840147,4.0787543802
building_078,building_266,15.5681355354,69.9571551381,4.4936116453
building_082,building_090,2.9164449225,33.5417771331,11.5009122493
building_082,building_120,11.2776029841,54.5690359074,4.8387087207
building_082,building_153,30.2819174398,103.7856928758,3.4273157597
building_082,building_175,25.3190102512,90.8817300406,3.5894661418
building_082,building_184,25.6680618306,97.8964751567,3.8139410682
building_082,building_211,25.165168787,101.4851782083,4.032763661
building_083,building_119,1.9017000026,31.895767501,16.7722392895
building_083,building_124,27.2869083734,100.6149512515,3.6872975815
building_083,building_174,31.7472672827,110.5737770651,3.4829384237
building_083,building_274,20.8905649426,86.7882476364,4.1544231989
building_084,building_178,22.8155886483,85.5487383806,3.7495740171
building_084,building_274,31.5942327699,111.6166662963,3.532817749
building_086,building_220,25.3045510061,92.1629848156,3.6421505678
building_086,building_238,5.5939924678,43.8986200811,7.8474578458
building_087,building_090,24.0085905564,88.3942592171,3.6817762796
building_087,building_141,8.0959116658,53.3465249953,6.5893165832
building_087,building_142,23.3116237397,88.9700071789,3.8165512695
building_087,building_175,4.0410857279,33.1299628074,8.1982825997
building_087,building_176,13.1474430887,66.5878658336,5.0647008232
building_087,building_211,12.1091071215,65.576431148,5.4154637902
building_087,building_218,13.2553000451,68.7190241295,5.184267719
building_087,building_227,34.9431940693,113.6099984966,3.2512768659
building_088,building_144,2.1770853893,39.0109726025,17.918898723
building_088,building_186,22.3243425343,85.5980707887,3.8342930215
building_088,building_242,2.0863737849,31.1379274519,14.9244242224
building_089,building_221,32.090339092,99.6096295267,3.1040379237
building_089,building_224,18.5971716088,64.8713677036,3.4882383767
building_089,building_255,17.8280403698,64.2336183132,3.6029545021
building_089,building_267,32.4732553251,99.8288626817,3.074187102
building_090,building_120,15.2827650028,71.6376690333,4.6874808989
building_090,building_153,33.821020669,116.7393484412,3.4516802312
building_090,building_175,3.1135740345,40.121343291,12.8859448486
building_090,building_211,15.8589639892,66.8177245771,4.2132465035
building_090,building_218,33.4401724735,118.6814419193,3.5490678768
building_091,building_093,28.7639591679,105.3714765379,3.6633161632
building_091,building_111,31.2960191374,117.7832906798,3.763523091
building_091,building_117,14.5697945332,63.9778790081,4.3911311764
building_091,building_207,2.540142352,34.6551874276,13.6430099675
building_091,building_241,13.9488467228,58.3212838834,4.1810828553
building_091,building_245,27.1480700452,98.4196710802,3.6252916291
building_092,building_117,28.4810957444,105.7328551648,3.7123871958
building_092,building_220,1.6802663401,29.5370440005,17.5787869435
building_092,building_238,20.0180782239,77.0209868246,3.8475714783
building_092,building_241,28.4159747128,101.6477753528,3.5771349172
building_093,building_111,27.3464009594,91.7431585435,3.3548531187
building_093,building_121,28.3329232655,107.8995319362,3.8082738913
building_093,building_189,27.4531115878,98.3698956671,3.5831965842
building_093,building_207,26.674752943,99.0777714957,3.714290127
building_093,building_245,6.4675745417,42.129134283,6.5139000736
building_093,building_271,10.3133221015,58.2785601677,5.6508038432
building_095,building_097,29.3509213078,102.7449245041,3.5005689745
building_095,building_118,29.1617450524,106.7068553288,3.659138201
building_095,building_181,2.8525970704,36.3052838506,12.7270984841
building_095,building_190,26.4701871882,100.6310339139,3.8016744347
building_095,building_195,11.7475826885,54.8444870381,4.668576378
building_095,building_236,15.1004811367,69.2974053977,4.5890859219
building_095,building_266,13.7221453968,64.9499162094,4.7332187738
building_097,building_118,1.9017434805,29.9010670203,15.7229759566
building_097,building_159,13.6892426526,71.787777393,5.2441014609
building_097,building_166,15.1169011211,58.4512489882,3.8666158176
building_097,building_181,31.7233537939,109.5578268378,3.4535385997
building_097,building_182,1.9181884266,38.7887126158,20.2215340673
building_097,building_187,15.5100879769,70.5662291561,4.5496988322
building_097,building_254,28.247104071,102.986422668,3.6459108307
building_099,building_118,24.4493462933,94.6639086947,3.8718380262
building_099,building_132,2.1302545485,33.958955107,15.9412663294
building_099,building_135,29.0887680305,103.0016588423,3.5409426324
building_099,building_159,12.6010421287,66.4757149104,5.2754140674
building_099,building_265,16.2824142786,75.9461577703,4.6643057025
building_100,building_103,2.5823641209,32.8043182735,12.7032117618
building_100,building_111,2.4568751228,39.851052777,16.2202190937
building_100,building_183,27.4840909273,97.11928439,3.5336546021
building_100,building_212,23.2561991121,86.6222355229,3.7246944398
building_100,building_226,12.9224982912,56.056718602,4.3379165034
building_100,building_245,22.4758664934,88.7816881144,3.9500896724
building_100,building_256,26.750878693,103.3920300431,3.8649956597
building_100,building_271,24.8971198752,100.2551569673,4.0267772927
building_102,building_104,2.8403159479,34.2521086017,12.0592600366
building_102,building_137,16.0130376094,71.8723437942,4.488364141
building_102,building_174,26.5535058604,103.320730422,3.891039133
building_103,building_111,22.9797163277,88.6070276599,3.8558799594
building_103,building_183,30.69847544,108.3011990934,3.5279015502
building_103,building_212,2.5610726842,37.5484125654,14.6612053604
building_103,building_226,11.6748252272,59.072308513,5.0598023836
building_103,building_234,28.3370401874,108.5330739393,3.8300779906
building_103,building_256,27.5537267058,100.1383037302,3.6342925514
building_104,building_137,15.7057869513,60.6827808616,3.8637211271
building_104,building_174,15.9257793633,68.3568568749,4.2922142343
building_104,building_178,30.0648160806,108.1016122346,3.595618611
building_104,building_274,23.9790337647,99.4003261148,4.1453015618
building_105,building_108,2.7426291,38.4677709007,14.0258742608
building_105,building_134,22.4916438094,87.0730684333,3.8713519195
building_105,building_136,30.189740504,105.2868965194,3.4875058467
building_105,building_215,26.9681612587,98.4419436138,3.6503023943
building_105,building_229,34.9074930492,124.7743786824,3.5744296649
building_106,building_110,26.9305415783,104.4858180923,3.8798260996
building_106,building_170,2.7911501495,34.095291571,12.2154988966
building_106,building_171,21.7765280802,82.1371397163,3.7718197967
building_106,building_183,17.1766563312,74.9121286011,4.3612753936
building_106,building_213,28.8096485972,102.6231699908,3.5621111325
building_106,building_256,11.8467818686,58.6807142561,4.953304189
building_106,building_257,28.7609742349,100.0009518468,3.4769667755
building_108,building_134,1.688099161,32.3158922327,19.1433613489
building_108,building_136,29.5077154961,104.0055559117,3.5246902094
building_108,building_215,33.1403287197,115.8721338541,3.496408706
building_108,building_217,23.6153991989,84.0833139252,3.5605290098
building_108,building_229,28.1380691621,101.2906798818,3.5997736482
building_109,building_110,21.3030058364,82.9484814563,3.8937454223
building_109,building_127,26.6407367125,98.3280837348,3.6908920649
building_109,building_171,26.4914544608,102.1209549777,3.8548640328
building_109,building_208,14.5005876984,59.1870489734,4.0817000114
building_109,building_268,25.6907115666,98.883233303,3.8489877186
building_109,building_269,14.0571754204,70.3004859531,5.0010392451
building_110,building_170,15.7155563494,67.1914835402,4.2754759709
building_110,building_171,11.9353478124,54.4569029363,4.5626573932
building_110,building_208,25.7699459932,102.6241653358,3.9823197675
building_110,building_212,27.2864451863,99.4336619854,3.6440680091
building_110,building_256,21.4332973771,82.911473566,3.8683489576
building_110,building_268,33.2289085978,110.3959067294,3.3222850641
building_111,building_183,33.7770968689,114.7593639143,3.397549658
building_111,building_226,16.3954277251,72.2250632895,4.4051954301
building_111,building_245,1.3608520087,32.1773512043,23.6450040105
building_111,building_271,12.4180122955,58.4468044284,4.7066151199
building_113,building_143,34.5225711767,112.243281113,3.2513013164
building_113,building_145,26.5105053571,98.2747254442,3.7070106405
building_113,building_161,8.3198784078,45.2972379098,5.4444591242
building_113,building_179,24.9048587318,89.7994603019,3.6057004486
building_113,building_188,28.5253784879,98.043044147,3.4370462144
building_113,building_210,26.756765593,99.5290948528,3.7197730236
building_113,building_214,34.7007208282,114.3191271075,3.2944309046
building_114,building_133,17.5613785293,67.9584315845,3.8697663439
building_114,building_141,33.2146094008,107.1506727448,3.2260103213
building_114,building_150,29.4310995075,92.8283005124,3.1540887723
building_114,building_227,11.7637835686,43.8923227983,3.7311399468
building_116,building_172,20.9100655061,79.964149058,3.8241940961
building_116,building_190,29.9950061577,114.7363703294,3.8251824229
building_116,building_195,27.0883948247,99.5728241417,3.6758480813
building_116,building_236,27.5405506497,100.0602405429,3.6331968019
building_116,building_266,29.390622868,111.6132484304,3.7975802327
building_117,building_183,31.9749945521,114.3223331495,3.5753667749
building_117,building_207,28.8501433494,101.5846719147,3.5211149797
building_117,building_241,2.1317821404,32.8955788552,15.4310228194
building_118,building_159,7.1010079179,51.5794046711,7.2636737302
building_118,building_166,15.0594264864,69.1463930412,4.591568816
building_118,building_182,22.1087864547,85.1324265131,3.8506150796
building_118,building_187,27.7345704501,103.7634540359,3.7413038079
building_118,building_265,33.1415472724,112.7882640008,3.4032286747
building_119,building_124,26.9838194267,97.5198882722,3.6140135216
building_120,building_121,27.6818617566,99.48891894,3.5940111187
building_120,building_153,1.7749073895,33.7133780283,18.994443444
building_120,building_175,31.9838429927,116.6273462108,3.6464456831
building_120,building_184,26.3466469071,104.6298801732,3.9712787947
building_120,building_211,23.7335857455,94.4695229797,3.9804150958
building_121,building_153,29.5717320482,104.5894885109,3.5368063102
building_121,building_184,14.5280096162,59.5647191708,4.0999917225
building_121,building_189,4.757027955,38.1794469642,8.0259034265
building_124,building_137,26.6723483937,98.0920623786,3.6776687576
building_124,building_174,26.8787476585,99.4404988007,3.699595683
building_124,building_266,21.6335774966,83.363276281,3.8534207435
building_125,building_132,20.5929353468,78.6009579807,3.8168894651
building_125,building_234,27.9391615969,103.1898590626,3.6933770795
building_125,building_247,3.9634090007,40.2736113529,10.1613563843
building_125,building_265,16.9067709268,77.429396777,4.5797862355
building_126,building_145,15.0649119812,66.9087947252,4.4413664553
building_126,building_159,31.5062230966,112.5148749173,3.5711952706
building_126,building_166,27.2205938485,97.43752353,3.57955172
building_126,building_187,29.5591464797,107.1759220985,3.6258124764
building_126,building_210,26.6039588981,99.9418605448,3.7566536968
building_126,building_214,15.6222400518,59.1803811361,3.7882135302
building_126,building_219,21.1565081844,77.7654968085,3.6757245634
building_126,building_254,34.7009402646,126.9367698939,3.6580210486
building_126,building_265,20.4771469099,86.2938894888,4.2141559011
building_126,building_273,2.6256612996,34.6202444944,13.1853428697
building_127,building_135,15.4804420738,68.2077542565,4.4060598484
building_127,building_234,25.0357063605,96.8070566336,3.8667595489
building_127,building_268,1.8936740782,29.8018643272,15.7375889915
building_128,building_167,26.8620200267,98.2943839917,3.6592327715
building_128,building_204,12.3633599936,58.2064769157,4.7079820491
building_128,building_206,26.6243246809,96.0239117671,3.6066233761
building_128,building_243,2.1333943851,33.987414477,15.9311446186
building_128,building_252,29.5809701494,106.7947462483,3.6102516486
building_128,building_258,24.3813694751,89.8299311713,3.6843677408
building_129,building_178,14.619347845,61.5187669274,4.2080377032
building_129,building_244,20.5930000349,77.7027343992,3.7732595672
building_129,building_259,2.1303000023,32.5221004756,15.2664415533
building_130,building_146,29.5975363814,99.1343362442,3.349411754
building_130,building_147,8.3650100747,45.6702453111,5.4596760677
building_130,building_148,25.2693799631,90.0928290616,3.5652963861
building_130,building_155,4.7541800253,47.732424228,10.0400960784
building_130,building_188,25.5367550313,94.7777320905,3.7114242579
building_130,building_191,16.0261795126,67.0480088087,4.1836551722
building_130,building_228,23.6700527359,92.2941553849,3.8991951735
building_131,building_157,32.4004468304,116.3907015756,3.5922560632
building_132,building_135,27.8125710346,94.9877886827,3.4152825557
building_132,building_159,13.2106725839,71.6893323637,5.4266224455
building_132,building_234,28.0503061312,99.2888411921,3.5396705023
building_132,building_265,6.8408379501,51.0911483799,7.4685511852
building_133,building_146,30.9022948742,91.983524627,2.9765920299
building_133,building_150,17.6905449351,69.9779480789,3.9556694458
building_134,building_198,31.2342440358,118.4287933511,3.791633094
building_134,building_217,3.9482223671,35.551534256,9.0044407206
building_134,building_229,27.5748000289,99.5763672637,3.6111365145
building_135,building_212,29.6478669037,108.6852903008,3.665872174
building_135,building_234,1.6569163354,32.2938126834,19.4903097965
building_135,building_268,15.0571456041,64.6962624641,4.2967149395
building_136,building_215,4.0238500072,33.85709429,8.4141044594
building_136,building_229,2.9129535318,37.586128131,12.9030991125
building_136,building_252,27.749168922,103.7437948405,3.7386270966
building_136,building_263,13.6327035793,67.8857860485,4.9796275298
building_137,building_174,1.6568658574,31.2541277521,18.8634026177
building_137,building_274,21.3043428821,84.684459975,3.9749857784
building_141,building_142,11.8067875685,44.9759438627,3.8093294727
building_141,building_143,32.9014162514,97.3816315976,2.9598006011
building_141,building_175,30.160754122,100.9374635697,3.3466491972
building_141,building_176,0.7101015644,17.0148243153,23.9611136873
building_141,building_211,26.22093784,103.851094274,3.9606170804
building_141,building_218,15.504284224,69.2313377871,4.4653037049
building_141,building_227,13.3156581681,61.3515548344,4.607474453
building_142,building_143,11.8351000422,44.0715374582,3.7237993174
building_142,building_150,34.0056969411,110.1518706787,3.2392181483
building_142,building_176,1.8935419441,19.6790475169,10.3927180376
building_142,building_179,22.2472060356,70.0313249063,3.1478705593
building_142,building_211,27.78394934,102.1485120214,3.6765295952
building_142,building_218,8.0600800217,48.7435254684,6.0475237637
building_142,building_227,31.0090591283,102.6717252236,3.311023556
building_143,building_148,33.2828257589,108.8378066194,3.2700891267
building_143,building_161,30.5343678579,96.6137187798,3.1640975582
building_143,building_176,23.1966210531,72.2715827059,3.1156081974
building_143,building_179,1.6566985965,18.0821720444,10.9145816158
building_143,building_188,33.915733543,107.2734191227,3.1629396718
building_143,building_191,34.9722576123,113.8795057544,3.256281222
building_143,building_218,15.09570617,65.4010712681,4.3324287404
building_144,building_242,23.1244259884,87.0398778007,3.7639800376
building_145,building_156,20.6798861067,79.2604313588,3.8327305552
building_145,building_161,28.6802747625,111.8577258457,3.9001622813
building_145,building_210,1.188582147,29.1742960136,24.5454603931
building_145,building_214,2.1393487272,38.4305628313,17.9636738704
building_145,building_219,12.1858832901,61.9379366783,5.0827613562
building_145,building_273,10.7251372864,54.1377090404,5.0477404246
building_146,building_147,13.9653294746,50.4267579622,3.6108534391
building_146,building_148,12.9595076468,56.45107681,4.3559584475
building_146,building_150,15.1097237989,64.1741747929,4.2472103161
building_146,building_191,13.9192972768,61.2913727109,4.4033381493
building_147,building_148,16.7570861861,70.8717430269,4.2293595819
building_147,building_150,33.2157226512,107.4963052655,3.2363078893
building_147,building_155,24.2237455423,95.271992927,3.9330000705
building_147,building_191,12.8560597175,59.1148267065,4.5982072272
building_148,building_150,11.3565483552,42.647548242,3.7553266105
building_148,building_155,27.1664077309,91.7629788255,3.3778105569
building_148,building_179,33.5172001339,109.7200814143,3.273545552
building_148,building_188,33.5027656711,111.0470718875,3.3145643252
building_148,building_191,1.165450157,16.583586756,14.2293401883
building_150,building_191,21.5298413206,67.3375492623,3.1276379728
building_150,building_227,33.8025162557,110.0901398203,3.2568622699
building_153,building_209,20.8909263199,77.6648781206,3.7176368789
building_153,building_211,28.642722054,108.9880044958,3.8050854346
building_154,building_235,27.2205451859,100.3557504425,3.686764896
building_154,building_260,21.1570266887,81.4590963034,3.8502147538
building_155,building_156,29.2971454045,111.8495393871,3.8177623739
building_155,building_161,21.3941145451,82.0826236711,3.8366917919
building_155,building_179,29.6237463022,107.0155479866,3.6124920493
building_155,building_188,1.4262783165,29.5780246658,20.7379053042
building_155,building_191,18.3512080611,69.5650200879,3.7907597067
building_156,building_161,30.6212057772,104.4396010727,3.4106952493
building_156,building_188,27.0508593819,98.1616981874,3.6287829825
building_156,building_210,2.3663171362,34.7427933025,14.6822219099
building_156,building_219,16.1394164981,69.4911666189,4.3056802349
building_156,building_273,27.1994000232,100.0437682807,3.678160849
building_157,building_180,2.2698382195,34.2631565159,15.0949773518
building_157,building_223,11.5820738113,66.2557610819,5.7205438475
building_157,building_253,22.2568834247,84.095261175,3.7783933883
building_158,building_200,2.159758691,29.9671556255,13.8752332615
building_158,building_272,28.0636221811,103.9830753238,3.7052620882
building_159,building_166,7.0900653883,51.3816291741,7.2469894649
building_159,building_182,27.7232008464,112.1098215966,4.0438989068
building_159,building_187,26.2171266683,99.6382791649,3.8005034047
building_159,building_265,2.9107616712,39.5015581291,13.570866526
building_161,building_179,19.8827904002,70.4344765578,3.5424844873
building_161,building_188,1.1886000042,35.6320548687,29.9781715823
building_161,building_210,27.4572698021,98.5373294395,3.5887519098
building_162,building_165,21.3031000925,78.619817028,3.690534086
building_162,building_233,26.777682995,102.5810451788,3.830840973
building_162,building_251,2.1303000094,34.9710382451,16.4160156274
building_165,building_216,28.6665907831,105.5093978997,3.6805701347
building_165,building_233,30.3789396688,115.8081358467,3.81211909
building_165,building_251,2.1302769341,28.3047394784,13.2868825761
building_166,building_182,14.6330650631,64.4180947058,4.4022284073
building_166,building_187,2.3771272837,33.0752873527,13.9139740558
building_166,building_219,33.7328668918,122.6529288575,3.6360066653
building_166,building_254,20.4434462298,76.427963148,3.7385068197
building_166,building_265,24.8920056669,91.1763286797,3.662875941
building_166,building_273,28.55061639,104.3811645674,3.6560038894
building_167,building_206,2.6037000019,34.2680666174,13.1612960758
building_167,building_235,7.5807293694,45.684235512,6.0263641249
building_167,building_243,26.3356997569,95.5973820129,3.6299541267
building_167,building_258,28.431590079,108.4576653002,3.8146886966
building_169,building_193,29.2777731657,107.1603553297,3.6601265651
building_169,building_197,1.6639837233,29.255707107,17.5817267308
building_169,building_216,25.1978732811,95.5825543095,3.7932786328
building_169,building_254,24.3257373711,97.1145808334,3.9922564053
building_170,building_171,1.4202109784,32.1754197998,22.6553802849
building_170,building_183,27.0408876824,102.9710300068,3.8079752121
building_170,building_256,12.4516596263,64.119805238,5.1494987144
building_170,building_257,33.0767929262,117.0609030378,3.5390644824
building_171,building_208,21.777811489,85.42679036,3.9226526689
building_171,building_256,24.9237672249,98.1350066467,3.9374066433
building_172,building_190,27.5600224341,103.1508042356,3.7427692406
building_172,building_194,30.3014384358,103.5649602715,3.4178232327
building_172,building_236,29.2972506603,112.6659833709,3.8456162552
building_174,building_274,1.0980569812,36.6867055232,33.4105662566
building_175,building_176,31.7631556425,108.1200250911,3.4039446933
building_175,building_211,14.4387101901,57.2796488903,3.9670890361
building_175,building_218,21.0067003661,82.6991166887,3.9367970813
building_176,building_179,33.3756259279,98.0219992403,2.9369336609
building_176,building_211,25.6770238682,99.3356724344,3.8686598939
building_176,building_218,10.4303223353,55.0221856212,5.2752143081
building_176,building_227,21.4382272003,80.2023444354,3.7410903283
building_178,building_244,28.6126155005,104.8367664883,3.6640050081
building_178,building_259,11.1727963182,62.3104306332,5.5769772274
building_179,building_188,23.3180952395,82.9966614168,3.5593242314
building_179,building_191,34.705689027,111.3067158327,3.2071605248
building_179,building_218,22.9571414846,83.5203704586,3.6380997397
building_180,building_223,32.5557560502,115.0308561135,3.5333492466
building_180,building_253,2.0385411803,33.4726615229,16.4199094167
building_181,building_182,29.3508226842,103.19337256,3.5158596292
building_181,building_190,13.4143534041,65.8712832186,4.9105075164
building_181,building_193,21.3958304398,81.6978266422,3.8183994247
building_181,building_194,28.5904757304,106.544160765,3.7265613126
building_181,building_195,15.5100879769,70.8171775629,4.5658785217
building_181,building_236,11.8350547291,56.8497352907,4.8035042163
building_181,building_266,27.4079782436,101.8425750927,3.7158003479
building_182,building_187,6.3909241569,47.5896967708,7.4464499346
building_182,building_197,21.6321794952,81.7148782385,3.7774685744
building_182,building_254,10.5125543123,58.0722690073,5.5240874179
building_183,building_256,3.089068848,35.2904450663,11.4242986487
building_184,building_189,16.2366030548,74.3940343334,4.5818718412
building_186,building_202,12.6086813494,64.5835074745,5.1221460583
building_186,building_242,1.8571514345,38.0411619174,20.483607966
building_186,building_272,1.6193136302,33.2291043532,20.5204870341
building_187,building_197,25.9182525908,98.6954635178,3.8079520667
building_187,building_219,25.6529821713,100.3351263477,3.9112460952
building_187,building_254,1.2986500508,28.2454401895,21.7498472147
building_187,building_273,25.5636400918,96.2446569829,3.7649042404
building_188,building_191,25.9853950874,93.1931941361,3.5863681819
building_188,building_210,34.6218043311,116.56014604,3.3666687306
building_190,building_193,12.1858937309,65.3937450335,5.3663478837
building_190,building_194,2.3771923161,37.2375203537,15.6644963479
building_190,building_195,22.3454418714,85.0873916082,3.8078187085
building_190,building_233,21.3946193145,82.1386141192,3.8392183059
building_190,building_236,1.4263000033,28.866842874,20.2389699268
building_193,building_194,15.8680276972,62.619121614,3.9462447891
building_193,building_197,28.6408201146,100.5786694529,3.5117244915
building_193,building_233,16.7173863415,71.8270585774,4.2965483426
building_193,building_236,26.0417547498,99.1588466803,3.8076868334
building_194,building_233,1.8081031589,29.3579427937,16.2368737919
building_194,building_236,21.8700594945,82.3642555511,3.766073685
building_195,building_236,2.8525421118,39.9606090791,14.0087709535
building_195,building_266,1.5028419544,27.9352684738,18.588294259
building_197,building_254,12.0663103308,64.7906089184,5.3695460453
building_198,building_213,17.0115260835,76.793443089,4.5142007079
building_198,building_217,27.6315411125,100.4364931808,3.6348494922
building_198,building_229,21.5607233112,79.5045132117,3.6874696672
building_198,building_250,3.2322281398,35.7592345707,11.0633386704
building_198,building_257,12.8385950836,60.4530587015,4.7086973542
building_200,building_202,34.9066623642,114.9045664223,3.2917660595
building_200,building_272,27.3362194349,105.5973502926,3.8629098125
building_202,building_242,25.5944678663,98.5447417992,3.8502360086
building_202,building_272,6.4085870869,50.5885648845,7.8938718003
building_204,building_243,10.7455914393,63.9981509581,5.955758817
building_204,building_244,30.371349079,110.0505416081,3.6234986244
building_204,building_252,24.1435183959,88.4344149332,3.6628636093
building_204,building_258,27.1831617648,103.3065068598,3.8003859799
building_206,building_235,28.6417963447,96.5687208227,3.3716014059
building_206,building_243,27.8983722995,106.6493383285,3.8227799523
building_207,building_241,15.7173973905,69.979394832,4.4523525806
building_207,building_245,29.724683273,112.2598946034,3.776655703
building_208,building_252,31.7970888105,108.7340144956,3.4196216875
building_208,building_263,28.7635375391,100.055985417,3.4785702308
building_208,building_269,2.0135345829,39.5041390883,19.619300023
building_209,building_271,27.4523405415,102.1803062617,3.7220981616
building_210,building_214,21.1563868687,83.6507242463,3.9539229815
building_210,building_219,12.5451118073,57.8719362661,4.6131064557
building_210,building_273,13.1677110327,66.3102771371,5.0358241438
building_211,building_218,2.6040843991,39.3223392807,15.1002553124
building_212,building_226,24.1932270444,97.5315130161,4.0313560831
building_212,building_234,16.3178048392,73.8347556849,4.5247970798
building_212,building_256,30.2749641032,108.8209558865,3.5944206413
building_212,building_268,20.9759118861,81.5441534107,3.8875141092
building_213,building_250,18.3577376717,72.3392291096,3.9405307126
building_213,building_257,1.4199307559,30.0271884108,21.1469385299
building_214,building_219,25.2472527464,100.3662454466,3.9753333345
building_214,building_273,16.6221382791,71.9144109471,4.3264235768
building_215,building_229,23.9068268544,86.6376796042,3.6239723545
building_215,building_252,14.5701125902,69.7215383505,4.7852436225
building_215,building_263,11.7036114802,57.987828865,4.9546953061
building_217,building_229,29.5302331601,110.1867456223,3.7313198655
building_219,building_254,25.8003800952,97.6338444731,3.7842017875
building_219,building_273,1.6639542422,27.9645605509,16.8060874761
building_220,building_238,2.0885838524,32.8431960488,15.7251029259
building_221,building_224,5.7049272946,28.115971554,4.928366323
building_221,building_255,5.6486786862,43.2925234606,7.6641858859
building_221,building_267,2.1302444528,34.4293143289,16.1621424639
building_224,building_255,1.3941194064,33.0640790217,23.7168200009
building_224,building_267,6.9884159929,44.6598198157,6.3905497127
building_226,building_245,31.2267316223,109.5990058186,3.5097815277
building_226,building_247,26.9907099434,101.1738267405,3.7484685269
building_226,building_271,22.7973300583,87.7424488301,3.8488037242
building_229,building_257,27.7171125383,105.887686728,3.8203000613
building_229,building_263,28.8787001345,108.2661934657,3.748998153
building_233,building_251,27.2360060747,102.6465874566,3.7687826613
building_234,building_268,16.409161939,71.0654430781,4.3308392801
building_235,building_243,26.259246799,103.1715787662,3.9289618456
building_235,building_258,26.4402231811,97.2765839667,3.6791135725
building_236,building_266,21.3998745129,83.2859770646,3.8918909087
building_242,building_272,21.6817303262,87.4917164807,4.035273715
building_243,building_258,4.4610272252,39.8230348265,8.9268755414
building_244,building_269,25.326930042,98.0487977105,3.8713258002
building_245,building_271,5.9565686759,44.6262853428,7.4919450729
building_249,building_258,25.8003800293,95.9578313225,3.7192410039
building_249,building_260,1.4397884751,31.240346371,21.6978722298
building_250,building_257,16.2583021011,73.2161804352,4.5033103691
building_252,building_263,1.4201537312,34.2753564484,24.1349620786
building_252,building_269,29.2390322987,101.3617273792,3.4666580735
building_254,building_273,25.9096775073,101.9299388201,3.9340489202
building_255,building_267,4.6360602612,26.6075715944,5.7392635331
building_258,building_260,25.3441146575,93.7962207572,3.7009073714
building_263,building_269,30.0339668317,111.5309089274,3.7134924451
